{
    "now": "2024-06-30T19:02:01.890Z",
    "perfNow": 4114342.799999997,
    "diagnosticCorrelation": "e29827bd-dab0-4dd6-9867-d9f1f089ed3a",
    "source": "DownloadSupportFiles",
    "environment": {
        "productName": "adf",
        "buildVersion": "1.0.062124.5",
        "environmentType": 3,
        "resourceName": "DemoADF-Sandeep",
        "resourceRegion": "eastus",
        "resourceGroup": "CT_COE_DE_SANDEEP",
        "subscriptionId": "e206c570-0e52-406e-b810-5fe008cee660",
        "sessionId": "EH3kWzPyQs4Gb60d1qgLiB",
        "operationId": "",
        "gitType": "live",
        "loggingKey": "3d742330-3aaa-43c7-b9f4-86568b891d0d"
    },
    "additionalInfo": {
        "selectedResource": "Binary1",
        "selectedResourceType": "dataset"
    }
}