{
    "now": "2024-06-30T19:01:44.351Z",
    "perfNow": 4096802.8999999985,
    "diagnosticCorrelation": "97bcd743-da56-413a-91fb-4d025fb91c71",
    "source": "DownloadSupportFiles",
    "environment": {
        "productName": "adf",
        "buildVersion": "1.0.062124.5",
        "environmentType": 3,
        "resourceName": "DemoADF-Sandeep",
        "resourceRegion": "eastus",
        "resourceGroup": "CT_COE_DE_SANDEEP",
        "subscriptionId": "e206c570-0e52-406e-b810-5fe008cee660",
        "sessionId": "EH3kWzPyQs4Gb60d1qgLiB",
        "operationId": "",
        "gitType": "live",
        "loggingKey": "3d742330-3aaa-43c7-b9f4-86568b891d0d"
    },
    "additionalInfo": {
        "selectedResource": "pipeline1",
        "selectedResourceType": "pipeline"
    }
}